{
    "V02001181115664a2d12c0e20a2": {
        "constamp": 1543347197.0,
        "aver": 22.30148297944049,
        "min": 21.0,
        "total": 5935,
        "max": 119.0,
        "powstamp": 1543347199.0,
        "success": 5934
    },
    "V02001181115661a675e8634171": {
        "constamp": 1543347195.0,
        "aver": 22.226516551839993,
        "min": 21.0,
        "total": 5952,
        "max": 48.0,
        "powstamp": 1543347197.0,
        "success": 5951
    },
    "V02001181115662a2d12c524140": {
        "constamp": 1543334903.0,
        "aver": 102.8909090909091,
        "min": 32.0,
        "total": 1266,
        "max": 12155.0,
        "powstamp": 1543334905.0,
        "success": 1265
    },
    "V020011811156635a9e4f5f58d3": {
        "constamp": 1543347191.0,
        "aver": 22.29875168690955,
        "min": 21.0,
        "total": 5929,
        "max": 100.0,
        "powstamp": 1543347193.0,
        "success": 5928
    },
    "V020011811156605a9e4f5f659b": {
        "constamp": 1543347204.0,
        "aver": 23.364004935660127,
        "min": 21.0,
        "total": 5673,
        "max": 34.0,
        "powstamp": 1543347178.0,
        "success": 5673
    }
}